Target,MAE,RMSE,MSE,WAPE
Order,10.692926504124175,16.343040034339666,267.0949575640291,0.14317906651033874
Sales,7173.835915155146,10589.509668489512,112137715.01903285,0.14212742932076106
