Target,MAE,RMSE,MSE,WAPE
Order,2.856390816824777,3.7832953755811456,14.313323898893682,0.0684751223211419
Sales,4904.859363839286,5508.3961944502435,30342428.635033924,0.15377943928028265
